Feature,CoxPH_Coefficient,MeanAbs_SHAP
comorbidity,-0.12561134,0.266271
sex,-0.024635095,0.21019363
bp,0.013892573,0.19467854
bmi,0.037097875,0.18674943
treatment,0.13135757,0.18542628
age,-0.1347261,0.17127436
